{
  "sections": {
    "rich-text": {
      "type": "rich-text",
      "blocks": {
        "heading": {
          "type": "heading",
          "settings": {
            "heading": "Browse our latest products",
            "heading_size": "h1"
          }
        }
      },
      "block_order": [
        "heading"
      ],
      "settings": {
        "desktop_content_position": "center",
        "content_alignment": "center",
        "color_scheme": "scheme-1",
        "full_width": true,
        "padding_top": 20,
        "padding_bottom": 52
      }
    },
    "slideshow": {
      "type": "slideshow",
      "blocks": {
        "slide-0": {
          "type": "slide",
          "settings": {
            "heading": "",
            "heading_size": "medium",
            "subheading": "",
            "button_label": "",
            "link": "",
            "button_style_secondary": false,
            "box_align": "middle-center",
            "show_text_box": false,
            "text_alignment": "center",
            "image_overlay_opacity": 0,
            "color_scheme": "scheme-1",
            "text_alignment_mobile": "center"
          }
        }
      },
      "block_order": [
        "slide-0"
      ],
      "settings": {
        "layout": "grid",
        "slide_height": "small",
        "slider_visual": "dots",
        "auto_rotate": true,
        "change_slides_speed": 3,
        "image_behavior": "none",
        "show_text_below": false,
        "accessibility_info": "Slideshow about our brand."
      }
    },
    "rich-text-1": {
      "type": "rich-text",
      "blocks": {
        "heading": {
          "type": "heading",
          "settings": {
            "heading": "Featured products",
            "heading_size": "h2"
          }
        }
      },
      "block_order": [
        "heading"
      ],
      "settings": {
        "desktop_content_position": "center",
        "content_alignment": "center",
        "color_scheme": "scheme-1",
        "full_width": false,
        "padding_top": 56,
        "padding_bottom": 0
      }
    },
    "featured-collection": {
      "type": "featured-collection",
      "settings": {
        "title": "",
        "heading_size": "h1",
        "description": "",
        "show_description": false,
        "description_style": "body",
        "collection": "all",
        "products_to_show": 3,
        "columns_desktop": 3,
        "full_width": false,
        "show_view_all": false,
        "view_all_style": "solid",
        "enable_desktop_slider": false,
        "color_scheme": "scheme-1",
        "image_ratio": "portrait",
        "image_shape": "default",
        "show_secondary_image": true,
        "show_vendor": true,
        "show_rating": false,
        "quick_add": "none",
        "columns_mobile": "2",
        "swipe_on_mobile": true,
        "padding_top": 28,
        "padding_bottom": 0
      }
    },
    "image-with-text": {
      "type": "image-with-text",
      "blocks": {
        "heading": {
          "type": "heading",
          "settings": {
            "heading": "Expertly curated, affordably priced to fit your every need.",
            "heading_size": "h1"
          }
        }
      },
      "block_order": [
        "heading"
      ],
      "settings": {
        "height": "adapt",
        "desktop_image_width": "small",
        "layout": "text_first",
        "desktop_content_position": "top",
        "desktop_content_alignment": "left",
        "content_layout": "no-overlap",
        "section_color_scheme": "scheme-1",
        "color_scheme": "scheme-3",
        "image_behavior": "none",
        "mobile_content_alignment": "left",
        "padding_top": 36,
        "padding_bottom": 0
      }
    },
    "image-with-text-1": {
      "type": "image-with-text",
      "blocks": {
        "heading": {
          "type": "heading",
          "settings": {
            "heading": "Shop new arrivals",
            "heading_size": "h2"
          }
        },
        "button": {
          "type": "button",
          "settings": {
            "button_label": "Shop all",
            "button_link": "shopify://collections/all",
            "button_style_secondary": false
          }
        }
      },
      "block_order": [
        "heading",
        "button"
      ],
      "settings": {
        "height": "adapt",
        "desktop_image_width": "large",
        "layout": "image_first",
        "desktop_content_position": "top",
        "desktop_content_alignment": "left",
        "content_layout": "no-overlap",
        "section_color_scheme": "scheme-1",
        "color_scheme": "scheme-3",
        "image_behavior": "none",
        "mobile_content_alignment": "left",
        "padding_top": 0,
        "padding_bottom": 56
      }
    }
  },
  "order": [
    "rich-text",
    "slideshow",
    "rich-text-1",
    "featured-collection",
    "image-with-text",
    "image-with-text-1"
  ]
}
